item_id,field_id,item_value,item_type
1.1.A.1,1.1.A,VEGETARIAN,radiobutton
1.1.A.2,1.1.A,VEGAN,radiobutton
1.1.A.3,1.1.A,NON_VEGETARIAN,radiobutton
1.1.A.4,1.1.A,GLUTEN_FREE,radiobutton
1.1.A.5,1.1.A,OTHER,radiobutton
1.1.B.1,1.1.B,DIABETIC_FRIENDLY,checkbox
1.1.B.2,1.1.B,KOSHER_HALAL,checkbox
1.1.B.3,1.1.B,NUT_FREE,checkbox
1.1.B.4,1.1.B,LACTOSE_FREE,checkbox
1.1.B.5,1.1.B,NONE,checkbox
1.1.B.6,1.1.B,OTHER,checkbox
1.2.B.1,1.2.B,MORNING_8AM_TO_12PM,radiobutton
1.2.B.2,1.2.B,AFTERNOON_12PM _TO_5PM,radiobutton
1.2.B.3,1.2.B,EVENING_5PM_TO_9PM,radiobutton
1.2.C.1,1.2.C,VOLUNTEER_PURCHASE_REIMBURSE,radiobutton
1.2.C.2,1.2.C,GIFT_CARD_VOUCHER,radiobutton
1.2.C.3,1.2.C,ORGANIZATION_SPONSORED,radiobutton
1.2.C.4,1.2.C,FREE_ASSISTANCE,radiobutton
1.2.D.1,1.2.D,IMMEDIATE_NEXT_24HRS,radiobutton
1.2.D.2,1.2.D,WITHIN_3_DAYS,radiobutton
1.2.D.3,1.2.D,WITHIN_1_WEEK,radiobutton
1.2.D.4,1.2.D,FLEXIBLE,radiobutton
1.3.A.1,1.3.A,VEGETARIAN,radiobutton
1.3.A.2,1.3.A,VEGAN,radiobutton
1.3.A.3,1.3.A,HIGH_PROTEIN,radiobutton
1.3.A.4,1.3.A,LOW_CARB,radiobutton
1.3.A.5,1.3.A,CULTURALLY_SPECIFIC,radiobutton
1.3.B.1,1.3.B,STOVE_OR_COOKTOP,checkbox
1.3.B.2,1.3.B,OVEN_OR_MICROWAVE,checkbox
1.3.B.3,1.3.B,UTENSILS_OR_COOKWARE_SET,checkbox
1.3.B.4,1.3.B,MIXER_OR_BLENDER,checkbox
1.3.B.5,1.3.B,NONE,checkbox
1.3.C.1,1.3.C,IMMEDIATE_NEXT_24_HOURS,radiobutton
1.3.C.2,1.3.C,WITHIN_3_DAYS,radiobutton
1.3.C.3,1.3.C,WITHIN_1_WEEK,radiobutton
1.3.C.4,1.3.C,FLEXIBLE,radiobutton
2.1.A.1,2.1.A,MEN,checkbox
2.1.A.2,2.1.A,WOMEN,checkbox
2.1.A.3,2.1.A,UNISEX,checkbox
2.1.B.1,2.1.B,BABY_0_2_YEARS,checkbox
2.1.B.2,2.1.B,CHILD_3_12_YEARS,checkbox
2.1.B.3,2.1.B,TEEN_13_18_YEARS,checkbox
2.1.B.4,2.1.B,ADULT_19_64_YEARS,checkbox
2.1.B.5,2.1.B,ELDERLY_65_ABOVE_YEARS,checkbox
2.1.C.1,2.1.C,XS,checkbox
2.1.C.2,2.1.C,S,checkbox
2.1.C.3,2.1.C,M,checkbox
2.1.C.4,2.1.C,L,checkbox
2.1.C.5,2.1.C,XL,checkbox
2.1.C.6,2.1.C,XXL,checkbox
2.1.C.7,2.1.C,XXXL,checkbox
2.1.D.1,2.1.D,NEW_WITH_TAGS,checkbox
2.1.D.2,2.1.D,LIKE_NEW,checkbox
2.1.D.3,2.1.D,GENTLY_USED,checkbox
2.1.D.4,2.1.D,WORN_BUT_USABLE,checkbox
2.1.D.5,2.1.D,NEEDS_REPAIR,checkbox
2.2.B.1,2.2.B,MEN,checkbox
2.2.B.2,2.2.B,WOMEN,checkbox
2.2.B.3,2.2.B,UNISEX,checkbox
2.2.C.1,2.2.C,BABY_0_2_YEARS,checkbox
2.2.C.2,2.2.C,CHILD_3_12_YEARS,checkbox
2.2.C.3,2.2.C,TEEN_13_18_YEARS,checkbox
2.2.C.4,2.2.C,ADULT_19_64_YEARS,checkbox
2.2.C.5,2.2.C,ELDERLY_65_ABOVE_YEARS,checkbox
2.2.D.1,2.2.D,XS,checkbox
2.2.D.2,2.2.D,S,checkbox
2.2.D.3,2.2.D,M,checkbox
2.2.D.4,2.2.D,L,checkbox
2.2.D.5,2.2.D,XL,checkbox
2.2.D.6,2.2.D,XXL,checkbox
2.2.D.7,2.2.D,XXXL,checkbox
2.2.E.1,2.2.E,NEW_WITH_TAGS,checkbox
2.2.E.2,2.2.E,LIKE_NEW,checkbox
2.2.E.3,2.2.E,GENTLY_USED,checkbox
2.2.E.4,2.2.E,WORN_BUT_CLEAN,checkbox
2.2.E.5,2.2.E,NEEDS_REPAIR,checkbox
2.2.H.1,2.2.H,BORROW_TEMPORARILY,radiobutton
2.2.H.2,2.2.H,REQUEST_AS_DONATION,radiobutton
2.3.A.1,2.3.A,MEN,checkbox
2.3.A.2,2.3.A,WOMEN,radiobutton
2.3.A.3,2.3.A,UNISEX,radiobutton
2.3.B.1,2.3.B,BABY_0_2_YEARS,radiobutton
2.3.B.2,2.3.B,CHILD_3_12_YEARS,radiobutton
2.3.B.3,2.3.B,TEEN_13_18_YEARS,radiobutton
2.3.B.4,2.3.B,ADULT_19_64_YEARS,radiobutton
2.3.B.5,2.3.B,ELDERLY_65_ABOVE_YEARS,radiobutton
2.3.C.1,2.3.C,XS,radiobutton
2.3.C.2,2.3.C,S,radiobutton
2.3.C.3,2.3.C,M,radiobutton
2.3.C.4,2.3.C,L,radiobutton
2.3.C.5,2.3.C,XL,radiobutton
2.3.C.6,2.3.C,XXL,radiobutton
2.3.C.7,2.3.C,XXXL,radiobutton
2.3.E.1,2.3.E,FLOOD,radiobutton
2.3.E.2,2.3.E,FIRE,radiobutton
2.3.E.3,2.3.E,EVICTION,radiobutton
2.3.E.4,2.3.E,OTHER,radiobutton
2.3.F.1,2.3.F,IMMEDIATE_LESS_THAN_6HRS,radiobutton
2.3.F.2,2.3.F,URGENT_LESS_THAN_24HRS,radiobutton
2.3.F.3,2.3.F,SOON_LESS_THAN_48HRS,radiobutton
2.4.A.1,2.4.A,MEN,checkbox
2.4.A.2,2.4.A,WOMEN,checkbox
2.4.A.3,2.4.A,UNISEX,checkbox
2.4.B.1,2.4.B,BABY_0_2_YEARS,checkbox
2.4.B.2,2.4.B,CHILD_3_12_YEARS,checkbox
2.4.B.3,2.4.B,TEEN_13_18_YEARS,checkbox
2.4.B.4,2.4.B,ADULT_19_64_YEARS,checkbox
2.4.B.5,2.4.B,ELDERLY_65_ABOVE_YEARS,checkbox
2.4.C.1,2.4.C,SHIRT,checkbox
2.4.C.2,2.4.C,PANTS,checkbox
2.4.C.3,2.4.C,DRESS,checkbox
2.4.C.4,2.4.C,SKIRT,checkbox
2.4.C.5,2.4.C,JACKET_COAT,checkbox
2.4.C.6,2.4.C,SUIT,checkbox
2.4.C.7,2.4.C,SAREE_TRADITIONAL_WEAR,checkbox
2.4.C.8,2.4.C,ACCESSORIES,checkbox
2.4.C.9,2.4.C,OTHER,checkbox
2.4.D.1,2.4.D,DROP_OFF,radiobutton
2.4.D.2,2.4.D,PICK_UP,radiobutton
2.4.D.3,2.4.D,MAIL_IN,radiobutton
3.10.A.1,3.10.A,FURNITURE,checkbox
3.10.A.2,3.10.A,MAJOR_APPLIANCES,checkbox
3.10.A.3,3.10.A,SMALL_ELECTRONICS,checkbox
3.10.A.4,3.10.A,KITCHENWARE_COOKWARE,checkbox
3.10.A.5,3.10.A,GARDENING_OUTDOOR_EQUIPMENT,checkbox
3.10.A.6,3.10.A,OTHER,checkbox
3.10.B.1,3.10.B,PRICING_VALUATION_GUIDANCE,checkbox
3.10.B.2,3.10.B,BEST_SELLING_PLATFORM,checkbox
3.10.B.3,3.10.B,LISTING_CREATION_PHOTO_TAKING,checkbox
3.10.B.4,3.10.B,BUYER_COMMUNICATION_SAFETY,checkbox
3.10.C.1,3.10.C,NEW_WITH_TAGS,checkbox
3.10.C.2,3.10.C,GENTLY_USED_GOOD_CONDITION,checkbox
3.10.C.3,3.10.C,USED_WEAR_AND_TEAR,checkbox
3.10.C.4,3.10.C,NEEDS_REPAIR,checkbox
3.10.D.1,3.10.D,MUST_GO_IMMEDIATELY,textbox
3.10.D.2,3.10.D,WITHIN_1_MONTH,textbox
3.10.D.3,3.10.D,FLEXIBLE,textbox
3.1.A.1,3.1.A,LEASE_REVIEW_PRE_SIGNING,radiobutton
3.1.A.2,3.1.A,LEASE_INTERPRETATION_POST_SIGNING,radiobutton
3.1.A.3,3.1.A,LEASE_TERMINATION_BREAK_CLAUSE_REVIEW,radiobutton
3.1.A.4,3.1.A,EVICTION_NOTICE_NON_RENEWAL_REVIEW,radiobutton
3.1.A.5,3.1.A,OTHER,radiobutton
3.1.B.1,3.1.B,ENGLISH,checkbox
3.1.B.2,3.1.B,SPANISH,checkbox
3.1.B.3,3.1.B,MANDARIN,checkbox
3.1.B.4,3.1.B,FRENCH,checkbox
3.1.B.5,3.1.B,OTHER,checkbox
3.1.C.1,3.1.C,IMMEDIATE_NEXT_24_TO_48_HOURS,radiobutton
3.1.C.2,3.1.C,WITHIN_1_WEEK,radiobutton
3.1.C.3,3.1.C,WITHIN_1_MONTH,radiobutton
3.1.C.4,3.1.C,FLEXIBLE,radiobutton
3.2.A.1,3.2.A,UNLAWFUL_RENT_INCREASE,checkbox
3.2.A.2,3.2.A,EVICTION_LOCKOUT_ILLEGAL_ACTION,checkbox
3.2.A.3,3.2.A,HEALTH_SAFETY_MAINTENANCE_ISSUES,checkbox
3.2.A.4,3.2.A,SECURITY_DEPOSIT_RETURN_DISPUTE,checkbox
3.2.A.5,3.2.A,DISCRIMINATION_HARASSMENT,checkbox
3.2.A.6,3.2.A,OTHER_TENANT_RIGHTS_ISSUE,checkbox
3.2.B.1,3.2.B,INITIAL_CONCERN_REQUESTING_ADVICE,radiobutton
3.2.B.2,3.2.B,FORMAL_LETTER_NOTICE EXCHANGED,radiobutton
3.2.B.3,3.2.B,FILED_WITH_HOUSING_TENANCY_BOARD,radiobutton
3.2.B.4,3.2.B,COURT_LEGAL_ACTION_INITIATED,radiobutton
3.2.C.1,3.2.C,LEASE_AGREEMENT,checkbox
3.2.C.2,3.2.C,NOTICE_OF_RENT_INCREASE_EVICTION,checkbox
3.2.C.3,3.2.C,COMMUNICATION_LOGS,checkbox
3.2.C.4,3.2.C,PHOTOS_VIDEOS_OF_ISSUE,checkbox
3.2.C.5,3.2.C,NO_DOCUMENTS_AVAILABLE,checkbox
3.2.E.1,3.2.E,IMMEDIATE_NEXT_24_TO_48_HOURS,radiobutton
3.2.E.2,3.2.E,WITHIN_1_WEEK,radiobutton
3.2.E.3,3.2.E,WITHIN_1_MONTH,radiobutton
3.2.E.4,3.2.E,FLEXIBLE,radiobutton
3.3.A.1,3.3.A,EMERGENCY_LESS_THAN_4_HOURS,radiobutton
3.3.A.2,3.3.A,URGENT_IN_24_HOURS,radiobutton
3.3.A.3,3.3.A,STANDARD_WITHIN_1_WEEK,radiobutton
3.3.A.4,3.3.A,FLEXIBLE,radiobutton
3.3.B.1,3.3.B,WEEKDAY_MORNINGS,checkbox
3.3.B.2,3.3.B,WEEKDAY_AFTERNOONS,checkbox
3.3.B.3,3.3.B,EVENINGS,checkbox
3.3.B.4,3.3.B,WEEKENDS,checkbox
3.4.A.1,3.4.A,UTILITY_CONNECTION,checkbox
3.4.A.10,3.4.A,GARDEN_CARE,checkbox
3.4.A.11,3.4.A,OTHER,checkbox
3.4.A.2,3.4.A,INTERNET_SETUP,checkbox
3.4.A.3,3.4.A,CABLE_SETUP,checkbox
3.4.A.4,3.4.A,PHONE_SETUP,checkbox
3.4.A.5,3.4.A,TV_INSTALLATION,checkbox
3.4.A.6,3.4.A,WIFI_SETUP,checkbox
3.4.A.7,3.4.A,FURNITURE_ASSEMBLY_SETUP,checkbox
3.4.A.8,3.4.A,HOUSEHOLD_GOODS,checkbox
3.4.A.9,3.4.A,GENERAL_OUTDOOR_MAINTENANCE,checkbox
3.4.B.1,3.4.B,AVAILABLE_AT_LOCATION,radiobutton
3.4.B.2,3.4.B,BEFORE_MOVE_IN,radiobutton
3.4.B.3,3.4.B,POST_MOVE_IN,radiobutton
3.4.B.4,3.4.B,FLEXIBLE,radiobutton
3.5.A.1,3.5.A,APARTMENT_CONDO,radiobutton
3.5.A.2,3.5.A,HOUSE_TOWNHOME,radiobutton
3.5.A.3,3.5.A,ROOM_SHARED_HOUSING,radiobutton
3.5.A.4,3.5.A,STUDIO,radiobutton
3.5.B.1,3.5.B,NEW_LEASE,radiobutton
3.5.B.2,3.5.B,SUBLET,radiobutton
3.5.B.3,3.5.B,LEASE_TRANSFER,radiobutton
3.5.B.4,3.5.B,MONTH_TO_MONTH,radiobutton
3.5.B.5,3.5.B,DOESNT_MATTER,radiobutton
3.5.C.1,3.5.C,MINIMUM_BUDGET,currency
3.5.C.2,3.5.C,MAXIMUM_BUDGET,currency
3.5.D.1,3.5.D,IMMEDIATELY,radiobutton
3.5.D.2,3.5.D,WITHIN_1_MONTH,radiobutton
3.5.D.3,3.5.D,1_TO_3_MONTHS,radiobutton
3.5.D.4,3.5.D,FLEXIBLE,radiobutton
3.5.E.1,3.5.E,SAME_GENDER,checkbox
3.5.E.2,3.5.E,PET_FRIENDLY,checkbox
3.5.E.3,3.5.E,NON_SMOKING,checkbox
3.5.E.4,3.5.E,WORK_SCHEDULE,checkbox
3.5.E.5,3.5.E,GUEST_POLICY,checkbox
3.5.H.1,3.5.H,PARKING_SPACE_AVAILABLE,checkbox
3.5.H.2,3.5.H,FURNITURE_PROVIDED,checkbox
3.6.A.1,3.6.A,LISTING_A_FULL_UNIT,radiobutton
3.6.A.2,3.6.A,LISTING_A_ROOM,radiobutton
3.6.B.1,3.6.B,APARTMENT_CONDO,radiobutton
3.6.B.2,3.6.B,HOUSE_TOWNHOME,radiobutton
3.6.B.3,3.6.B,ROOM_SHARED_HOUSING,radiobutton
3.6.C.1,3.6.C,NEW_LEASE,radiobutton
3.6.C.2,3.6.C,SUBLET,radiobutton
3.6.C.3,3.6.C,LEASE_TRANSFER,radiobutton
3.6.C.4,3.6.C,MONTH_TO_MONTH,radiobutton
3.6.C.5,3.6.C,DOESNT_MATTER,radiobutton
3.6.E.1,3.6.E,UTILITED_INCLUDED,radiobutton
3.6.E.2,3.6.E,UTILITIES_NOT_INCLUDED,radiobutton
3.6.E.3,3.6.E,UTILITIES_PARTIALLY_INCLUDED,radiobutton
3.6.F.1,3.6.F,IMMEDIATELY,radiobutton
3.6.F.2,3.6.F,WITHIN_1_MONTH,radiobutton
3.6.F.3,3.6.F,1_TO_3_MONTHS,radiobutton
3.6.F.4,3.6.F,FLEXIBLE,radiobutton
3.6.H.1,3.6.H,PRIVATE_BATHROOM,checkbox
3.6.H.2,3.6.H,PARKING_AVAILABLE,checkbox
3.6.H.3,3.6.H,FURNITURE_PROVIDED,checkbox
3.6.I.1,3.6.I,MEN,radiobutton
3.6.I.2,3.6.I,WOMEN,radiobutton
3.6.I.3,3.6.I,UNISEX,radiobutton
3.6.J.1,3.6.J,MIN_AGE,integer
3.6.J.2,3.6.J,MAX_AGE,integer
3.6.K.1,3.6.K,PET_FRIENDLY,checkbox
3.6.K.2,3.6.K,NON_SMOKING,checkbox
3.7.A.1,3.7.A,PACKING_UNPACKING,checkbox
3.7.A.2,3.7.A,LOADING_UNLOADING,checkbox
3.7.A.3,3.7.A,DRIVING_TRANSPORTATION,checkbox
3.7.A.4,3.7.A,MINOR_ASSEMBLY_SETUP,checkbox
3.7.A.5,3.7.A,OTHER,checkbox
3.7.C.1,3.7.C,1_TO_2_HOURS,radiobutton
3.7.C.2,3.7.C,2_TO_4_HOURS,radiobutton
3.7.C.3,3.7.C,4_TO_8_HOURS,radiobutton
3.7.C.4,3.7.C,FULL_DAY,radiobutton
3.7.E.1,3.7.E,MINIMAL_FEW_BOXES,radiobutton
3.7.E.2,3.7.E,SMALL_STUDIO_ROOM,radiobutton
3.7.E.3,3.7.E,MEDIUM_1_BEDROOM,radiobutton
3.7.E.4,3.7.E,LARGE_2MORE_BEDROOM,radiobutton
3.8.A.1,3.8.A,FULL_PACKING_AND_MOVING,checkbox
3.8.A.2,3.8.A,MOVING_ONLY,checkbox
3.8.A.3,3.8.A,PACKING_ONLY,checkbox
3.8.A.4,3.8.A,SPECIALTY_ITEM_MOVING,checkbox
3.8.C.1,3.8.C,MINIMAL_FEW_BOXES,textbox
3.8.C.2,3.8.C,SMALL_STUDIO_ROOM,textbox
3.8.C.3,3.8.C,MEDIUM_1_BEDROOM,textbox
3.8.C.4,3.8.C,LARGE_2_MORE_BEDROOM,textbox
3.8.D.1,3.8.D,MINIMUM_BUDGET,currency
3.8.D.2,3.8.D,MAXIMUM_BUDGET,currency
3.9.A.1,3.9.A,FURNITURE,checkbox
3.9.A.2,3.9.A,MAJOR_APPLIANCES,checkbox
3.9.A.3,3.9.A,SMALL_ELECTRONICS,checkbox
3.9.A.4,3.9.A,KITCHENWARE_COOKWARE,checkbox
3.9.A.5,3.9.A,GARDENING_OUTDOOR_EQUIPMENT,checkbox
3.9.A.6,3.9.A,OTHER,checkbox
3.9.B.1,3.9.B,VALUATION_GUIDANCE,checkbox
3.9.B.2,3.9.B,CHOOSE_BEST_SELL_PLATFORM,checkbox
3.9.B.3,3.9.B,CREATE_LISTING,checkbox
3.9.B.4,3.9.B,BUYER_COMMUNICATION,checkbox
3.9.C.1,3.9.C,MINIMUM_BUDGET,currency
3.9.C.2,3.9.C,MAXIMUM_BUDGET,currency
3.9.E.1,3.9.E,IMMEDIATE_NEXT_48_HOURS,radiobutton
3.9.E.2,3.9.E,WITHIN_1_WEEK,radiobutton
3.9.E.3,3.9.E,WITHIN_1_MONTH,radiobutton
3.9.E.4,3.9.E,FLEXIBLE,radiobutton
3.9.F.1,3.9.F,NEW_ITEMS_ONLY,radiobutton
3.9.F.2,3.9.F,USED,radiobutton
3.9.F.3,3.9.F,REPAIR_OR_REFURBISING,radiobutton
3.9.F.4,3.9.F,BUDGET_FRIENDLY_OPTIONS,radiobutton
4.1.A.1,4.1.A,APPLICATION_FORM_GUIDANCE,checkbox
4.1.A.2,4.1.A,COMMON_APP_OR_COALITION APP_HELP,checkbox
4.1.A.3,4.1.A,RESUME_BUILDING,checkbox
4.1.A.4,4.1.A,CHOOSING_MAJORS_OR_COLLEGES,checkbox
4.1.A.5,4.1.A,INTERVIEW_PREPARATION,checkbox
4.2.A.1,4.2.A,STATEMENT_OF_PURPOSE_SOP,radiobutton
4.2.A.2,4.2.A,ADMISSION_ESSAY,radiobutton
4.2.A.3,4.2.A,SCHOLARSHIP_ESSAY,radiobutton
4.2.A.4,4.2.A,PERSONAL_STATEMENT,radiobutton
4.2.B.1,4.2.B,GRAMMAR_AND_SPELLING,checkbox
4.2.B.2,4.2.B,STRUCTURE_AND_FLOW,checkbox
4.2.B.3,4.2.B,CONTENT_SUGGESTIONS,checkbox
4.2.B.4,4.2.B,FULL_REVIEW,checkbox
4.3.A.1,4.3.A,CONCEPT_EXPLANATION,checkbox
4.3.A.2,4.3.A,PROBLEM_SOLVING_PRACTICE,checkbox
4.3.A.3,4.3.A,HOMEWORK_GUIDANCE,checkbox
4.3.A.4,4.3.A,EXAM_PREPARATION,checkbox
4.3.A.5,4.3.A,PRACTICE_TEST_REVIEW,checkbox
4.3.B.1,4.3.B,ELEMENTARY_SCHOOL,radiobutton
4.3.B.2,4.3.B,MIDDLE_SCHOOL,radiobutton
4.3.B.3,4.3.B,HIGH_SCHOOL,radiobutton
4.3.B.4,4.3.B,COLLEGE,radiobutton
4.3.B.5,4.3.B,UNIVERSITY,radiobutton
4.3.B.6,4.3.B,PHD,radiobutton
4.3.C.1,4.3.C,MINIMUM_FEE,currency
4.3.C.2,4.3.C,MAXIMUM_FEE,currency
4.4.A.1,4.4.A,ELEMENTARY_SCHOOL,radiobutton
4.4.A.2,4.4.A,MIDDLE_SCHOOL,radiobutton
4.4.A.3,4.4.A,HIGH_SCHOOL,radiobutton
4.4.A.4,4.4.A,COLLEGE,radiobutton
4.4.A.5,4.4.A,UNIVERSITY,radiobutton
4.4.A.6,4.4.A,PHD,radiobutton
4.4.D.1,4.4.D,RESUME_CV,checkbox
4.4.D.2,4.4.D,ACADEMIC_TRANSCRIPTS,checkbox
4.4.D.3,4.4.D,CERTIFICATES,checkbox
4.4.D.4,4.4.D,OTHER,checkbox
4.5.A.1,4.5.A,ACADEMIC,radiobutton
4.5.A.2,4.5.A,EXAM_PREPARATION,radiobutton
4.5.A.3,4.5.A,SKILL_DEVELOPMENT,radiobutton
4.5.A.4,4.5.A,CAREER_DEVELOPMENT,radiobutton
4.5.C.1,4.5.C,GROUP_SIZE_MIN,integer
4.5.C.2,4.5.C,GROUP_SIZE_MAX,integer
4.5.D.1,4.5.D,DAILY,radiobutton
4.5.D.2,4.5.D,WEEKLY,radiobutton
4.6.A.1,4.6.A,RESUME_REVIEW,checkbox
4.6.A.2,4.6.A,MOCK_INTERVIEW,checkbox
4.6.A.3,4.6.A,JOB_SEARCH_HELP,checkbox
4.6.A.4,4.6.A,REFERRAL_GUIDANCE,checkbox
4.6.A.5,4.6.A,LINKEDIN_OPTIMIZATION,checkbox
4.6.A.6,4.6.A,CAREER_MENTORSHIP,checkbox
4.6.B.1,4.6.B,RESUME,checkbox
4.6.B.2,4.6.B,COVER_LETTER,checkbox
4.6.B.3,4.6.B,OTHER,checkbox
4.7.A.1,4.7.A,TEXTBOOKS,checkbox
4.7.A.2,4.7.A,NOTES_PDFS,checkbox
4.7.A.3,4.7.A,STATIONERY_EQUIPMENT,checkbox
4.7.A.4,4.7.A,OTHER,checkbox
5.1.A.1,5.1.A,WALK_IN_TODAY,radiobutton
5.1.A.2,5.1.A,SAME_NEXT_DAY,radiobutton
5.1.A.3,5.1.A,WITHIN_A_WEEK,radiobutton
5.1.A.4,5.1.A,NO_PREFERENCE,radiobutton
5.1.B.1,5.1.B,WHEELCHAIR_ACCESS,checkbox
5.1.B.2,5.1.B,STEP_FREE_ENTRY,checkbox
5.1.B.3,5.1.B,INTERPRETER_SUPPORT,checkbox
5.1.B.4,5.1.B,CAREGIVER_ALLOWED,checkbox
5.1.B.5,5.1.B,SERVICE_ANIMAL_FRIENDLY,checkbox
5.1.B.6,5.1.B,NONE,checkbox
5.1.B.7,5.1.B,OTHER,checkbox
5.2.A.1,5.2.A,DELIVERY_OTC_ITEMS,radiobutton
5.2.A.2,5.2.A,PICKUP_ASSISTANCE,radiobutton
5.2.A.3,5.2.A,PHARMACY_GUIDANCE,radiobutton
5.2.B.1,5.2.B,PRESCRIBED,radiobutton
5.2.B.2,5.2.B,NON_PRESCRIBED,radiobutton
5.2.C.1,5.2.C,PAIN_RELIEF,checkbox
5.2.C.10,5.2.C,OTHER,checkbox
5.2.C.2,5.2.C,COLD_FLU_CARE,checkbox
5.2.C.3,5.2.C,ALLERGY_RELIEF,checkbox
5.2.C.4,5.2.C,DIGESTIVE_HEALTH,checkbox
5.2.C.5,5.2.C,FIRST_AID_WOUND_CARE,checkbox
5.2.C.6,5.2.C,VITAMINS_SUPPLEMENTS,checkbox
5.2.C.7,5.2.C,SKIN_CARE_TOPICALS,checkbox
5.2.C.8,5.2.C,WOMEN_MEN_HEALTH,checkbox
5.2.C.9,5.2.C,CHILDREN_HEALTH,checkbox
5.2.D.1,5.2.D,SAME_NEXT_DAY,radiobutton
5.2.D.2,5.2.D,3 _4_DAYS,radiobutton
5.2.D.3,5.2.D,WITHIN_A_WEEK,radiobutton
5.2.D.4,5.2.D,NO_PREFERENCE,radiobutton
5.3.A.1,5.3.A,COUNSELING_REFERRAL,radiobutton
5.3.A.2,5.3.A,PEER_SUPPORT_GROUP,radiobutton
5.3.A.3,5.3.A,WELLNESS_CLASS_WORKSHOP,radiobutton
5.3.A.4,5.3.A,SELF_GUIDED_RESOURCES,radiobutton
5.3.B.1,5.3.B,LICENSED_PROFESSIONAL,radiobutton
5.3.B.2,5.3.B,PEER_SUPPORT_VOLUNTEER,radiobutton
5.3.B.3,5.3.B,COMMUNITY_ORGANIZATION,radiobutton
5.3.C.1,5.3.C,MORNING_9AM_12PM,radiobutton
5.3.C.2,5.3.C,AFTERNOON_12PM_5PM,radiobutton
5.3.C.3,5.3.C,EVENING_5PM_9PM,radiobutton
5.3.C.4,5.3.C,WEEKENDS,radiobutton
5.3.C.5,5.3.C,FLEXIBLE,radiobutton
5.4.A.1,5.4.A,MEDICATION_SUPPLEMENT_REMINDER,radiobutton
5.4.A.2,5.4.A,DOCTOR_APPOINTMENT,radiobutton
5.4.A.3,5.4.A,TEST_LAB_SCHEDULE,radiobutton
5.4.A.4,5.4.A,EXERCISE_OR_PHYSICAL_TRAINING_SESSION,radiobutton
5.4.A.5,5.4.A,CUSTOM_WELLNESS_TASK,radiobutton
5.4.C.1,5.4.C,ONCE_DAILY,radiobutton
5.4.C.2,5.4.C,TWICE_DAILY,radiobutton
5.4.C.3,5.4.C,CUSTOM_TIMES_PER_DAY,radiobutton
5.4.C.4,5.4.C,SPECIFIC_DAYS_MON_FRI,radiobutton
5.4.C.5,5.4.C,DAILY,radiobutton
5.4.D.1,5.4.D,7 _DAYS,radiobutton
5.4.D.2,5.4.D,30_DAYS,radiobutton
5.4.D.3,5.4.D,CUSTOM_DURATION,radiobutton
5.4.E.1,5.4.E,SMS,radiobutton
5.4.E.2,5.4.E,EMAIL,radiobutton
5.4.E.3,5.4.E,MOBILE_APP,radiobutton
5.4.E.4,5.4.E,CAREGIVER_NOTIFICATION,radiobutton
5.5.A.1,5.5.A,NUTRITION_AND_HEALTHY_EATING,checkbox
5.5.A.2,5.5.A,PHYSICAL_ACTIVITY_AND_MOVEMENT,checkbox
5.5.A.3,5.5.A,HYGIENE_AND_PERSONAL_CARE,checkbox
5.5.A.4,5.5.A,PREVENTIVE_HEALTH_TIPS,checkbox
5.5.A.5,5.5.A,SLEEP_AND_WELlBEING,checkbox
5.5.A.6,5.5.A,HEALTHY_AGING,checkbox
5.5.A.7,5.5.A,STRESS_MANAGEMENT_AND_MINDFULNESS,checkbox
5.5.A.8,5.5.A,GENERAL_WELLNESS_EDUCATION,checkbox
5.5.A.9,5.5.A,OTHER_NON_CLINICAL,checkbox
5.5.B.1,5.5.B,ARTICLES,checkbox
5.5.B.2,5.5.B,VIDEOS,checkbox
5.5.B.3,5.5.B,INFOGRAPHICS,checkbox
5.5.B.4,5.5.B,PRINTABLE_GUIDES_PDFS,checkbox
5.5.B.5,5.5.B,SHORT_TIPS_SUMMARIES,checkbox
5.5.B.6,5.5.B,SMS_FRIENDLY_LINKS,checkbox
5.5.B.7,5.5.B,AUDIO_CLIPS_PODCASTS,checkbox
5.5.B.8,5.5.B,MIXED_FORMAT,checkbox
6.1.B.1,6.1.B,PRIMARY_SLOT,date&time
6.1.B.2,6.1.B,ALTERNATE_SLOT,date&time
6.1.C.1,6.1.C,NUMBER_OF_BOXES,checkbox
6.1.C.2,6.1.C,FURNITURE_CHECKLIST,checkbox
6.1.C.3,6.1.C,FRAGILE_ITEMS,checkbox
6.1.C.4,6.1.C,SPECIAL_HANDLING_NEEDS,checkbox
6.1.D.1,6.1.D,PACKING,checkbox
6.1.D.2,6.1.D,TRANSPORT,checkbox
6.1.D.3,6.1.D,UNPACKING,checkbox
6.1.D.4,6.1.D,LOADING_UNLOADING,checkbox
6.2.A.1,6.2.A,APP_NAME,textbox
6.2.A.2,6.2.A,TYPE_OF_DEVICE,textbox
6.2.A.3,6.2.A,OPERATING_SYSTEM,textbox
6.3.A.1,6.3.A,NUMBER_OF_MEDICATIONS,integer
6.3.A.2,6.3.A,TIMING_PER_DAY,integer
6.3.C.1,6.3.C,PHONE_CALL,radiobutton
6.3.C.2,6.3.C,APP_SETUP_HELP,radiobutton
6.3.C.3,6.3.C,PHYSICAL_VISIT,radiobutton
6.4.A.1,6.4.A,BLOOD_PRESSURE_MONITOR,checkbox
6.4.A.2,6.4.A,GLUCOSE_METER,checkbox
6.4.A.3,6.4.A,PULSE_OXIMETER,checkbox
6.4.A.4,6.4.A,SMARTWATCH_WEARABLE,checkbox
6.4.B.1,6.4.B,VIDEO_CALL,radiobutton
6.4.B.2,6.4.B,HOME_VISIT,radiobutton
6.4.B.3,6.4.B,REMOTE_STEP_BY_STEP_GUIDE,radiobutton
6.5.A.1,6.5.A,GROCERY_SHOPPING,checkbox
6.5.A.2,6.5.A,PHARMACY_PICKUP,checkbox
6.5.A.3,6.5.A,BILL_PAYMENT,checkbox
6.5.A.4,6.5.A,GENERAL_STORE,checkbox
6.5.B.1,6.5.B,ONE_TIME,radiobutton
6.5.B.2,6.5.B,WEEKLY_MONTHLY,radiobutton
6.5.B.3,6.5.B,EMERGENCY,radiobutton
6.6.D.1,6.6.D,ROUND_TRIP,radiobutton
6.6.D.2,6.6.D,ONE_WAY,radiobutton
6.6.D.3,6.6.D,WAIT_AND_RETURN,radiobutton
6.6.E.1,6.6.E,WHEELCHAIR_ACCESSIBLE_VEHICLE,checkbox
6.6.E.2,6.6.E,NEEDS_HELP_ENTERING_EXITING_VEHICLE,checkbox
6.6.E.3,6.6.E,USES_WALKER_OR_CANE,checkbox
6.6.E.4,6.6.E,NO_SPECIAL_NEEDS,checkbox
6.6.F.1,6.6.F,VOLUNTEER_CAR,radiobutton
6.6.F.2,6.6.F,ESCORT_IN_PUBLIC_TRANSIT,radiobutton
6.6.F.3,6.6.F,RIDE_BOOKING_ASSISTANCE,radiobutton
6.7.A.1,6.7.A,DOCTOR_OR_DENTIST,radiobutton
6.7.A.2,6.7.A,SOCIAL_SERVICE,radiobutton
6.7.A.3,6.7.A,BANK_OR_GOVERNMENT,radiobutton
6.7.A.4,6.7.A,UTILITY_SERVICES,radiobutton
6.7.B.1,6.7.B,BOOKING_ONLINE,radiobutton
6.7.B.2,6.7.B,CALLING,radiobutton
6.7.B.3,6.7.B,GOING_IN_PERSON_WITH_HELP,radiobutton
6.8.A.1,6.8.A,PHONE_CALL_OR_CHAT,checkbox
6.8.A.2,6.8.A,WALK_IN_THE_PARK,checkbox
6.8.A.3,6.8.A,BOARD_GAMES_OR_CARD_GAMES,checkbox
6.8.A.4,6.8.A,READING_TOGETHER,checkbox
6.8.B.1,6.8.B,ONE_TIME,radiobutton
6.8.B.2,6.8.B,WEEKLY_MONTHLY,radiobutton
6.8.B.3,6.8.B,SPECIFIC_DATES,radiobutton
6.9.A.1,6.9.A,MEAL_PREP_ASSISTANCE,checkbox
6.9.A.2,6.9.A,COOKING_TOGETHER,checkbox
6.9.A.3,6.9.A,SUPERVISION_WHILE_COOKING,checkbox
6.9.B.1,6.9.B,VOLUNTEERS_HOME,radiobutton
6.9.B.2,6.9.B,ELDERS_HOME,radiobutton
6.9.B.3,6.9.B,COMMUNITY_KITCHEN,radiobutton
6.9.C.1,6.9.C,VEGETARIAN,checkbox
6.9.C.2,6.9.C,DIABETIC_FRIENDLY,checkbox
6.9.C.3,6.9.C,LOW_SODIUM,checkbox
6.9.C.4,6.9.C,NO_PREFERENCE,checkbox
6.9.D.1,6.9.D,ONE_TIME,radiobutton
6.9.D.2,6.9.D,WEEKLY_MONTHLY,radiobutton
6.9.D.3,6.9.D,SPECIFIC_DATES,radiobutton


